res_type,rotamer,frequency%,chi1_mean,chi2_mean,chi3_mean,chi4_mean
ASP,p-10,10,61,-4,,
ASP,p30,9,65,9,,
ASP,t0,21,-176,1,,
ASP,t70,6,-179,65,,
ASP,m-20,51,-71,-15,,
PHE,p90,13,59,88,,
PHE,t80,33,177,80,,
PHE,m-85,44,-64,-83,,
PHE,m-30,9,-64,-19,,
PRO,Cg endo,44,30,,,
PRO,Cg exo,43,-29,,,
PRO,cis Cg endo,6,31,,,
THR,p,49,59,,,
THR,t,7,-171,,,
THR,m,43,-61,,,
MET,ptp,2,68,-167,88,
MET,ptm,3,67,174,-78,
MET,tpp,5,-177,66,75,
MET,tpt,2,179,67,-179,
MET,ttp,5,176,178,73,
MET,ttt,3,180,171,174,
MET,ttm,7,-177,176,-78,
MET,mtp,17,-68,177,72,
MET,mtt,8,-67,177,-178,
MET,mtm,11,-67,-177,-76,
MET,mmp,3,-64,-63,103,
MET,mmt,2,-63,-64,180,
MET,mmm,19,-66,-60,-67,
ARG,ptp85,1,62,180,65,85
ARG,ptp180,1,71,171,65,-161
ARG,ptt85,2,65,-178,-179,88
ARG,ptt180,2,59,176,-178,-177
ARG,ptt-85,2,66,-176,-178,-83
ARG,ptm180,1,62,180,-65,175
ARG,ptm-85,1,62,180,-65,-85
ARG,tpp85,1,-178,57,57,85
ARG,tpp180,1,-177,65,65,-175
ARG,tpt85,2,177,64,180,86
ARG,tpt180,2,179,60,178,163
ARG,ttp85,4,-179,177,65,83
ARG,ttp180,3,-178,-178,65,-162
ARG,ttp-105,1,-177,180,65,-105
ARG,ttt85,2,-175,176,179,83
ARG,ttt180,4,-179,177,-179,170
ARG,ttt-85,3,-179,179,180,-86
ARG,ttm105,1,-178,170,-66,107
ARG,ttm180,1,180,-178,-67,176
ARG,ttm-85,3,-175,-178,-65,-84
ARG,mtp85,2,-69,177,64,84
ARG,mtp180,5,-65,176,64,-174
ARG,mtp-105,1,-62,179,67,-113
ARG,mtt85,4,-67,178,179,83
ARG,mtt180,9,-67,-178,-177,174
ARG,mtt-85,6,-66,-177,-179,-83
ARG,mtm105,2,-68,-179,-65,103
ARG,mtm180,5,-68,173,-64,180
ARG,mtm-85,6,-69,-167,-63,-86
ARG,mmt85,1,-62,-68,180,85
ARG,mmt180,2,-63,-66,-179,-168
ARG,mmt-85,2,-60,-72,-178,-92
ARG,mmm180,1,-64,-74,-67,172
ARG,mmm-85,2,-62,-64,-61,-82
CYS,p,64,55,,,
CYS,t,74,-177,,,
CYS,m,142,-65,,,
VAL,p,6,63,,,
VAL,t,73,175,,,
VAL,m,20,-64,,,
GLU,pt-20,5,63,-175,-18,
GLU,pm0,2,71,-79,5,
GLU,tp10,6,-177,65,13,
GLU,tt0,24,-177,178,2,
GLU,tm-20,1,-177,-80,-25,
GLU,mp0,6,-65,85,-3,
GLU,mt-10,33,-67,177,-10,
GLU,mm-40,13,-65,-58,-40,
HIS,p-80,9,60,-75,,
HIS,p80,4,61,80,,
HIS,t-160,5,-178,-165,,
HIS,t-80,11,-173,-80,,
HIS,t60,16,-178,60,,
HIS,m-70,29,-60,-70,,
HIS,m170,7,-63,165,,
HIS,m80,13,-66,80,,
LEU,pp,1,62,80,,
LEU,tp,29,177,63,,
LEU,tt,2,-172,147,,
LEU,mp,2,-85,66,,
LEU,mt,59,-65,174,,
SER,p,48,64,,,
SER,t,22,178,,,
SER,m,29,-65,,,
ILE,pp,1,62,100,,
ILE,pt,13,61,171,,
ILE,tp,2,-169,66,,
ILE,tt,8,-174,167,,
ILE,mp,1,-65,100,,
ILE,mt,60,-66,169,,
ILE,mm,15,-57,-59,,
GLN,pt20,4,64,180,20,
GLN,pm0,2,70,-75,0,
GLN,tp-100,2,-177,65,-100,
GLN,tp60,9,-175,64,60,
GLN,tt0,16,-174,173,-5,
GLN,mp0,3,-65,65,0,
GLN,mt-30,35,-67,177,-25,
GLN,mm-40,15,-66,-60,-40,
GLN,mm100,3,-65,-65,100,
TYR,p90,13,63,89,,
TYR,t80,34,176,77,,
TYR,m-85,43,-65,-87,,
TYR,m-30,9,-64,-42,,
ASN,p-10,7,63,-13,,
ASN,p30,9,64,34,,
ASN,t-20,12,-174,-20,,
ASN,t30,15,-168,31,,
ASN,m-20,39,-71,-23,,
ASN,m-80,8,-71,-76,,
ASN,m120,4,-64,132,,
TRP,p-90,11,58,-87,,
TRP,p90,6,60,92,,
TRP,t-105,16,178,-105,,
TRP,t90,18,-178,88,,
TRP,m-90,5,-70,-87,,
TRP,m0,8,-66,-4,,
TRP,m95,32,-69,95,,
LYS,ptpt,1,62,180,68,180
LYS,pttp,1,63,-170,-177,72
LYS,pttt,2,63,-178,178,-179
LYS,pttm,1,62,180,180,-65
LYS,ptmt,1,62,180,-68,180
LYS,tptp,1,179,59,163,60
LYS,tptt,3,179,62,173,171
LYS,tptm,1,-177,68,180,-65
LYS,ttpp,1,-177,180,68,65
LYS,ttpt,2,180,179,78,179
LYS,tttp,4,-177,180,171,63
LYS,tttt,13,-177,178,179,180
LYS,tttm,3,-177,172,178,-72
LYS,ttmt,2,-175,-174,-69,179
LYS,ttmm,1,-177,180,-68,-65
LYS,mptt,1,-90,68,180,180
LYS,mtpp,1,-69,-179,70,67
LYS,mtpt,3,-69,164,62,-179
LYS,mttp,3,-67,-176,174,76
LYS,mttt,20,-67,176,179,177
LYS,mttm,5,-67,-179,-179,-63
LYS,mtmt,3,-70,-170,-66,-175
LYS,mtmm,1,-70,-179,-66,-64
LYS,mmtp,1,-62,-68,180,65
LYS,mmtt,6,-58,-61,-177,-179
LYS,mmtm,1,-59,-69,-176,-70
LYS,mmmt,1,-59,-58,-75,-174
